episodio_id,titulo
1,Piloto
2,"Gato en un saco"
3,Mandala
4,Phoenix
5,ABQ
6,"No más"
7,"Caballo sin nombre"
8,I.F.T.
9,"Verde luz"
10,Más
11,Atardecer
12,"El desaparecido"
13,"La desaparición de Will Byers"
14,"La loca de la calle Maple"
15,"Todo está patas arriba"
16,"El cadáver"
17,"La pulga y el acróbata"
18,MADMAX
19,"Trick or Treat, Freak"
20,"The Pollywog"
21,"Will the Wise"
22,"Dig Dug"
23,"The Spy"
24,"The Lost Sister"
25,"The Mind Flayer"
26,"The Gate"
27,"Suzie, Do You Copy?"
28,"The Mall Rats"
29,"The Case of the Missing Lifeguard"
30,"The Sauna Test"
31,"The Source"
32,"The Birthday"
33,"The Bite"
34,"The Battle of Starcourt"
35,"La corona pesada"
36,"Winds of Change"
37,"Hyde Park Corner"
38,Gelignite
39,"Act of God"
40,"Smoke and Mirrors"
41,"Scientia Potentia Est"
42,"Pride & Joy"
43,Education
44,"Mystery Man"
45,Marionettes
46,"Caída en picada"
47,"USS Callister"
48,Arkangel
49,Crocodile
50,"Hang the DJ"
51,Metalhead
52,"Black Museum"
53,"Striking Vipers"
54,Smithereens
55,"Rachel, Jack and Ashley Too"
56,"The National Anthem"
57,"El fin del principio"
58,"A Grain of Truth"
59,"Kaer Morhen"
60,"What is Lost"
61,"Redanian Intelligence"
62,"Turn Your Back"
63,"Dear Friend"
64,"Voleth Meir"
65,Family
66,"Withering Flame"
67,"The Pensive Dragon"
68,"The Siege"
69,"The Jedi"
70,"The Tragedy"
71,"The Believer"
72,"The Rescue"
73,"The Marshal"
74,"The Passenger"
75,"The Heiress"
76,"The Search"
77,"The Reckoning"
78,"El mandaloriano"
79,"BoJack el destructor"
80,"The Telescope"
81,"Downer Ending"
82,Later
83,"Brand New Couch"
84,Yesterdayland
85,"Higher Love"
86,"Hank After Dark"
87,"Let’s Find Out"
88,"The Shot"
89,"Escape from L.A."
90,"Bienvenidos a Zaun"
91,"Some Mysteries Are Better Left Unsolved"
92,"When These Walls Come Tumbling Down"
93,"The Base Violence Necessary for Change"
94,"Happy Progress Day!"
95,"Everybody Wants to Be My Enemy"
96,"The Boy Savior"
97,"Oil and Water"
98,"The Monster You Created"
99,"Bridges Burn"
100,"The Will of the Blades"
101,"Birmingham en llamas"
102,"Black Tuesday"
103,"Black Cats"
104,Strategy
105,"The Loop"
106,"The Shock"
107,"Mr. Jones"
108,Blackbird
109,Gold
110,"The Noose"
111,"Lock and Key"
112,"Un estudio en rosa"
113,"The Blind Banker"
114,"The Great Game"
115,"A Scandal in Belgravia"
116,"The Hounds of Baskerville"
117,"The Reichenbach Fall"
118,"The Empty Hearse"
119,"The Sign of Three"
120,"His Last Vow"
121,"The Six Thatchers"
122,"The Lying Detective"
123,"La catedral del mar"
124,Descenso
125,"The Sword of Simón Bolívar"
126,"The Men of Always"
127,"The Palace in Flames"
128,"There Will Be a Future"
129,Explosivos
130,"You Will Cry Tears of Blood"
131,"La Gran Mentira"
132,"La Catedral"
133,Despegue
134,"El invierno se acerca"
135,"La batalla de los bastardos"
136,"The Kingsroad"
137,"Lord Snow"
138,"Cripples, Bastards, and Broken Things"
139,"The Wolf and the Lion"
140,"A Golden Crown"
141,"You Win or You Die"
142,"The Pointy End"
143,Baelor
144,"Fire and Blood"
145,"The North Remembers"
146,Diversidad
147,"La alianza"
148,"Health Care"
149,"The Alliance"
150,Basketball
151,"Hot Girl"
152,"The Dundies"
153,"Office Olympics"
154,"The Fire"
155,Halloween
156,"The Client"
157,"Performance Review"
158,Piloto
159,"Gato en un saco"
160,Mandala
161,Phoenix
162,ABQ
163,"No más"
164,"Caballo sin nombre"
165,I.F.T.
166,"Verde luz"
167,Más
168,Atardecer
169,"El desaparecido"
170,"La desaparición de Will Byers"
171,"La loca de la calle Maple"
172,"Todo está patas arriba"
173,"El cadáver"
174,"La pulga y el acróbata"
175,MADMAX
176,"Trick or Treat, Freak"
177,"The Pollywog"
178,"Will the Wise"
179,"Dig Dug"
180,"The Spy"
181,"The Lost Sister"
182,"The Mind Flayer"
183,"The Gate"
184,"Suzie, Do You Copy?"
185,"The Mall Rats"
186,"The Case of the Missing Lifeguard"
187,"The Sauna Test"
188,"The Source"
189,"The Birthday"
190,"The Bite"
191,"The Battle of Starcourt"
192,"La corona pesada"
193,"Winds of Change"
194,"Hyde Park Corner"
195,Gelignite
196,"Act of God"
197,"Smoke and Mirrors"
198,"Scientia Potentia Est"
199,"Pride & Joy"
200,Education
201,"Mystery Man"
202,Marionettes
203,"Caída en picada"
204,"USS Callister"
205,Arkangel
206,Crocodile
207,"Hang the DJ"
208,Metalhead
209,"Black Museum"
210,"Striking Vipers"
211,Smithereens
212,"Rachel, Jack and Ashley Too"
213,"The National Anthem"
214,"El fin del principio"
215,"A Grain of Truth"
216,"Kaer Morhen"
217,"What is Lost"
218,"Redanian Intelligence"
219,"Turn Your Back"
220,"Dear Friend"
221,"Voleth Meir"
222,Family
223,"Withering Flame"
224,"The Pensive Dragon"
225,"The Siege"
226,"The Jedi"
227,"The Tragedy"
228,"The Believer"
229,"The Rescue"
230,"The Marshal"
231,"The Passenger"
232,"The Heiress"
233,"The Search"
234,"The Reckoning"
235,"El mandaloriano"
236,"BoJack el destructor"
237,"The Telescope"
238,"Downer Ending"
239,Later
240,"Brand New Couch"
241,Yesterdayland
242,"Higher Love"
243,"Hank After Dark"
244,"Let’s Find Out"
245,"The Shot"
246,"Escape from L.A."
247,"Bienvenidos a Zaun"
248,"Some Mysteries Are Better Left Unsolved"
249,"When These Walls Come Tumbling Down"
250,"The Base Violence Necessary for Change"
251,"Happy Progress Day!"
252,"Everybody Wants to Be My Enemy"
253,"The Boy Savior"
254,"Oil and Water"
255,"The Monster You Created"
256,"Bridges Burn"
257,"The Will of the Blades"
258,"Birmingham en llamas"
259,"Black Tuesday"
260,"Black Cats"
261,Strategy
262,"The Loop"
263,"The Shock"
264,"Mr. Jones"
265,Blackbird
266,Gold
267,"The Noose"
268,"Lock and Key"
269,"Un estudio en rosa"
270,"The Blind Banker"
271,"The Great Game"
272,"A Scandal in Belgravia"
273,"The Hounds of Baskerville"
274,"The Reichenbach Fall"
275,"The Empty Hearse"
276,"The Sign of Three"
277,"His Last Vow"
278,"The Six Thatchers"
279,"The Lying Detective"
280,"La catedral del mar"
281,Descenso
282,"The Sword of Simón Bolívar"
283,"The Men of Always"
284,"The Palace in Flames"
285,"There Will Be a Future"
286,Explosivos
287,"You Will Cry Tears of Blood"
288,"La Gran Mentira"
289,"La Catedral"
290,Despegue
291,"El invierno se acerca"
292,"La batalla de los bastardos"
293,"The Kingsroad"
294,"Lord Snow"
295,"Cripples, Bastards, and Broken Things"
296,"The Wolf and the Lion"
297,"A Golden Crown"
298,"You Win or You Die"
299,"The Pointy End"
300,Baelor
301,"Fire and Blood"
302,"The North Remembers"
303,Diversidad
304,"La alianza"
305,"Health Care"
306,"The Alliance"
307,Basketball
308,"Hot Girl"
309,"The Dundies"
310,"Office Olympics"
311,"The Fire"
312,Halloween
313,"The Client"
314,"Performance Review"
315,Piloto
316,"Gato en un saco"
317,Mandala
318,Phoenix
319,ABQ
320,"No más"
321,"Caballo sin nombre"
322,I.F.T.
323,"Verde luz"
324,Más
325,Atardecer
326,"El desaparecido"
327,"La desaparición de Will Byers"
328,"La loca de la calle Maple"
329,"Todo está patas arriba"
330,"El cadáver"
331,"La pulga y el acróbata"
332,MADMAX
333,"Trick or Treat, Freak"
334,"The Pollywog"
335,"Will the Wise"
336,"Dig Dug"
337,"The Spy"
338,"The Lost Sister"
339,"The Mind Flayer"
340,"The Gate"
341,"Suzie, Do You Copy?"
342,"The Mall Rats"
343,"The Case of the Missing Lifeguard"
344,"The Sauna Test"
345,"The Source"
346,"The Birthday"
347,"The Bite"
348,"The Battle of Starcourt"
349,"La corona pesada"
350,"Winds of Change"
351,"Hyde Park Corner"
352,Gelignite
353,"Act of God"
354,"Smoke and Mirrors"
355,"Scientia Potentia Est"
356,"Pride & Joy"
357,Education
358,"Mystery Man"
359,Marionettes
360,"Caída en picada"
361,"USS Callister"
362,Arkangel
363,Crocodile
364,"Hang the DJ"
365,Metalhead
366,"Black Museum"
367,"Striking Vipers"
368,Smithereens
369,"Rachel, Jack and Ashley Too"
370,"The National Anthem"
371,"El fin del principio"
372,"A Grain of Truth"
373,"Kaer Morhen"
374,"What is Lost"
375,"Redanian Intelligence"
376,"Turn Your Back"
377,"Dear Friend"
378,"Voleth Meir"
379,Family
380,"Withering Flame"
381,"The Pensive Dragon"
382,"The Siege"
383,"The Jedi"
384,"The Tragedy"
385,"The Believer"
386,"The Rescue"
387,"The Marshal"
388,"The Passenger"
389,"The Heiress"
390,"The Search"
391,"The Reckoning"
392,"El mandaloriano"
393,"BoJack el destructor"
394,"The Telescope"
395,"Downer Ending"
396,Later
397,"Brand New Couch"
398,Yesterdayland
399,"Higher Love"
400,"Hank After Dark"
401,"Let’s Find Out"
402,"The Shot"
403,"Escape from L.A."
404,"Bienvenidos a Zaun"
405,"Some Mysteries Are Better Left Unsolved"
406,"When These Walls Come Tumbling Down"
407,"The Base Violence Necessary for Change"
408,"Happy Progress Day!"
409,"Everybody Wants to Be My Enemy"
410,"The Boy Savior"
411,"Oil and Water"
412,"The Monster You Created"
413,"Bridges Burn"
414,"The Will of the Blades"
415,"Birmingham en llamas"
416,"Black Tuesday"
417,"Black Cats"
418,Strategy
419,"The Loop"
420,"The Shock"
421,"Mr. Jones"
422,Blackbird
423,Gold
424,"The Noose"
425,"Lock and Key"
426,"Un estudio en rosa"
427,"The Blind Banker"
428,"The Great Game"
429,"A Scandal in Belgravia"
430,"The Hounds of Baskerville"
431,"The Reichenbach Fall"
432,"The Empty Hearse"
433,"The Sign of Three"
434,"His Last Vow"
435,"The Six Thatchers"
436,"The Lying Detective"
437,"La catedral del mar"
438,Descenso
439,"The Sword of Simón Bolívar"
440,"The Men of Always"
441,"The Palace in Flames"
442,"There Will Be a Future"
443,Explosivos
444,"You Will Cry Tears of Blood"
445,"La Gran Mentira"
446,"La Catedral"
447,Despegue
448,"El invierno se acerca"
449,"La batalla de los bastardos"
450,"The Kingsroad"
451,"Lord Snow"
452,"Cripples, Bastards, and Broken Things"
453,"The Wolf and the Lion"
454,"A Golden Crown"
455,"You Win or You Die"
456,"The Pointy End"
457,Baelor
458,"Fire and Blood"
459,"The North Remembers"
460,Diversidad
461,"La alianza"
462,"Health Care"
463,"The Alliance"
464,Basketball
465,"Hot Girl"
466,"The Dundies"
467,"Office Olympics"
468,"The Fire"
469,Halloween
470,"The Client"
471,"Performance Review"
472,Piloto
473,"Gato en un saco"
474,Mandala
475,Phoenix
476,ABQ
477,"No más"
478,"Caballo sin nombre"
479,I.F.T.
480,"Verde luz"
481,Más
482,Atardecer
483,"El desaparecido"
484,"La desaparición de Will Byers"
485,"La loca de la calle Maple"
486,"Todo está patas arriba"
487,"El cadáver"
488,"La pulga y el acróbata"
489,MADMAX
490,"Trick or Treat, Freak"
491,"The Pollywog"
492,"Will the Wise"
493,"Dig Dug"
494,"The Spy"
495,"The Lost Sister"
496,"The Mind Flayer"
497,"The Gate"
498,"Suzie, Do You Copy?"
499,"The Mall Rats"
500,"The Case of the Missing Lifeguard"
501,"The Sauna Test"
502,"The Source"
503,"The Birthday"
504,"The Bite"
505,"The Battle of Starcourt"
506,"La corona pesada"
507,"Winds of Change"
508,"Hyde Park Corner"
509,Gelignite
510,"Act of God"
511,"Smoke and Mirrors"
512,"Scientia Potentia Est"
513,"Pride & Joy"
514,Education
515,"Mystery Man"
516,Marionettes
517,"Caída en picada"
518,"USS Callister"
519,Arkangel
520,Crocodile
521,"Hang the DJ"
522,Metalhead
523,"Black Museum"
524,"Striking Vipers"
525,Smithereens
526,"Rachel, Jack and Ashley Too"
527,"The National Anthem"
528,"El fin del principio"
529,"A Grain of Truth"
530,"Kaer Morhen"
531,"What is Lost"
532,"Redanian Intelligence"
533,"Turn Your Back"
534,"Dear Friend"
535,"Voleth Meir"
536,Family
537,"Withering Flame"
538,"The Pensive Dragon"
539,"The Siege"
540,"The Jedi"
541,"The Tragedy"
542,"The Believer"
543,"The Rescue"
544,"The Marshal"
545,"The Passenger"
546,"The Heiress"
547,"The Search"
548,"The Reckoning"
549,"El mandaloriano"
550,"BoJack el destructor"
551,"The Telescope"
552,"Downer Ending"
553,Later
554,"Brand New Couch"
555,Yesterdayland
556,"Higher Love"
557,"Hank After Dark"
558,"Let’s Find Out"
559,"The Shot"
560,"Escape from L.A."
561,"Bienvenidos a Zaun"
562,"Some Mysteries Are Better Left Unsolved"
563,"When These Walls Come Tumbling Down"
564,"The Base Violence Necessary for Change"
565,"Happy Progress Day!"
566,"Everybody Wants to Be My Enemy"
567,"The Boy Savior"
568,"Oil and Water"
569,"The Monster You Created"
570,"Bridges Burn"
571,"The Will of the Blades"
572,"Birmingham en llamas"
573,"Black Tuesday"
574,"Black Cats"
575,Strategy
576,"The Loop"
577,"The Shock"
578,"Mr. Jones"
579,Blackbird
580,Gold
581,"The Noose"
582,"Lock and Key"
583,"Un estudio en rosa"
584,"The Blind Banker"
585,"The Great Game"
586,"A Scandal in Belgravia"
587,"The Hounds of Baskerville"
588,"The Reichenbach Fall"
589,"The Empty Hearse"
590,"The Sign of Three"
591,"His Last Vow"
592,"The Six Thatchers"
593,"The Lying Detective"
594,"La catedral del mar"
595,Descenso
596,"The Sword of Simón Bolívar"
597,"The Men of Always"
598,"The Palace in Flames"
599,"There Will Be a Future"
600,Explosivos
601,"You Will Cry Tears of Blood"
602,"La Gran Mentira"
603,"La Catedral"
604,Despegue
605,"El invierno se acerca"
606,"La batalla de los bastardos"
607,"The Kingsroad"
608,"Lord Snow"
609,"Cripples, Bastards, and Broken Things"
610,"The Wolf and the Lion"
611,"A Golden Crown"
612,"You Win or You Die"
613,"The Pointy End"
614,Baelor
615,"Fire and Blood"
616,"The North Remembers"
617,Diversidad
618,"La alianza"
619,"Health Care"
620,"The Alliance"
621,Basketball
622,"Hot Girl"
623,"The Dundies"
624,"Office Olympics"
625,"The Fire"
626,Halloween
627,"The Client"
628,"Performance Review"
